confidence,count,accuracy,error_rate
low,0,,
medium,66,0.7121212121212122,0.28787878787878785
high,134,0.6044776119402985,0.3955223880597015
unknown,0,,
