confidence,count,accuracy,error_rate
low,0,,
medium,63,0.746031746031746,0.25396825396825395
high,137,0.6131386861313869,0.3868613138686131
unknown,0,,
