confidence,count,accuracy,error_rate
low,0,,
medium,126,0.46825396825396826,0.5317460317460317
high,74,0.5945945945945946,0.4054054054054054
unknown,0,,
