confidence,count,accuracy,error_rate
low,0,,
medium,62,0.3870967741935484,0.6129032258064516
high,138,0.5652173913043478,0.4347826086956522
unknown,0,,
