accuracy,precision_pneumonia,recall_pneumonia,f1_pneumonia,macro_precision,macro_recall,macro_f1,invalid_json_rate,invalid_diagnosis_rate,n_samples,overconfident_error_rate,dangerous_hallucination_rate,mean_fluency_proxy_score_correct,mean_fluency_proxy_score_wrong,mean_correctness_score,fluency_correctness_gap,mean_faithfulness_score,tag
0.515,0.6666666666666666,0.06,0.11009174311926606,0.587260034904014,0.515,0.38837920489296635,0.0,0.0,200,0.30927835051546393,0.0,0.3786407766990291,0.44329896907216493,0.515,-0.07170103092783509,0.5025,zero_shot
0.51,0.625,0.05,0.09259259259259259,0.5651041666666667,0.51,0.3784880771182141,0.0,0.0,200,0.6122448979591837,0.0,0.27450980392156865,0.32142857142857145,0.51,-0.18857142857142856,0.51,lora
